<?xml version="1.0" encoding="UTF-8"?>
<!-- Product Version: Vivado v2016.4 (64-bit)                     -->
<!--                                                              -->
<!-- Copyright 1986-2016 Xilinx, Inc. All Rights Reserved.        -->

<hwsession version="1" minor="2">
  <device name="xc7vx690t_2" gui_info=""/>
  <ObjectList object_type="hw_device" gui_info="">
    <Object name="xc7vx690t_2" gui_info="">
      <Properties Property="PROBES.FILE" value="$_project_name_.runs/impl_1/debug_nets.ltx"/>
      <Properties Property="PROGRAM.HW_BITSTREAM" value="$_project_name_.runs/impl_1/ctp7_top.bit"/>
    </Object>
  </ObjectList>
  <ObjectList object_type="hw_ila" gui_info="">
    <Object name="hw_ila_4" gui_info="">
      <Properties Property="CONTROL.TRIGGER_CONDITION" value="AND"/>
      <Properties Property="CORE_REFRESH_RATE_MS" value="500"/>
    </Object>
    <Object name="i_ila_hls" gui_info="">
      <Properties Property="CONTROL.TRIGGER_CONDITION" value="AND"/>
      <Properties Property="CONTROL.TRIGGER_POSITION" value="256"/>
      <Properties Property="CORE_REFRESH_RATE_MS" value="500"/>
    </Object>
    <Object name="i_pattern_io_engine/i_ila_pattern_engine" gui_info="">
      <Properties Property="CONTROL.TRIGGER_CONDITION" value="AND"/>
      <Properties Property="CONTROL.TRIGGER_POSITION" value="32"/>
      <Properties Property="CORE_REFRESH_RATE_MS" value="500"/>
    </Object>
  </ObjectList>
  <ObjectList object_type="hw_probe" gui_info="">
    <Object name="ap_done" gui_info="Trigger Setup=0 8"/>
    <Object name="ap_idle" gui_info="Trigger Setup=1 9"/>
    <Object name="ap_ready" gui_info="Trigger Setup=2 10"/>
    <Object name="ap_rst" gui_info="Trigger Setup=3 11"/>
    <Object name="ap_rst_1" gui_info="Trigger Setup=4 12"/>
    <Object name="ap_start" gui_info="Trigger Setup=5 13"/>
    <Object name="i_pattern_io_engine/INPUT_RAM_start_i" gui_info="Trigger Setup=0"/>
    <Object name="i_pattern_io_engine/OUTPUT_RAM_start_i" gui_info="Trigger Setup=1"/>
    <Object name="i_pattern_io_engine/s_INPUT_RAM_addr[9:0]" gui_info="Trigger Setup=2"/>
    <Object name="i_pattern_io_engine/s_INPUT_RAM_cycle[2:0]" gui_info="Trigger Setup=3"/>
    <Object name="i_pattern_io_engine/s_INPUT_RAM_dout_arr[0][31:0]" gui_info="Trigger Setup=4"/>
    <Object name="i_pattern_io_engine/s_OUTPUT_RAM_addr[9:0]" gui_info="Trigger Setup=5"/>
    <Object name="i_pattern_io_engine/s_OUTPUT_RAM_cycle[2:0]" gui_info="Trigger Setup=6"/>
    <Object name="i_pattern_io_engine/s_OUTPUT_RAM_din_arr[0][31:0]" gui_info="Trigger Setup=7"/>
    <Object name="i_pattern_io_engine/s_OUTPUT_RAM_we" gui_info="Trigger Setup=8"/>
    <Object name="s_INPUT_link_arr[0][191:0]" gui_info="Trigger Setup=6 14"/>
    <Object name="s_OUTPUT_link_arr[0][191:0]" gui_info="Trigger Setup=7 15"/>
  </ObjectList>
  <ObjectList object_type="hw_sysmon" gui_info="">
    <Object name="XADC" gui_info="dashboard_1=[TEMPERATURE=-65281;SCAN_RATE=1000;TRACK_TIME=1;]"/>
  </ObjectList>
  <probeset name="hw project" active="false">
    <probe type="ila" busType="net" source="netlist" spec="ILA_V2_RT">
      <probeOptions Id="DebugProbeParams">
        <Option Id="CAPTURE_COMPARE_VALUE" value="eq1&apos;bX"/>
        <Option Id="COMPARE_VALUE.0" value="eq1&apos;bX"/>
        <Option Id="DISPLAY_HINT" value=""/>
        <Option Id="DISPLAY_VISIBILITY" value=""/>
        <Option Id="HW_ILA" value="hw_ila_4"/>
        <Option Id="MAP" value="probe3[0]"/>
        <Option Id="NAME.CUSTOM" value=""/>
        <Option Id="NAME.SELECT" value="Long"/>
        <Option Id="SOURCE" value="netlist"/>
        <Option Id="TRIGGER_COMPARE_VALUE" value="eq1&apos;bX"/>
      </probeOptions>
      <nets>
        <net name="ap_done"/>
      </nets>
    </probe>
    <probe type="ila" busType="net" source="netlist" spec="ILA_V2_RT">
      <probeOptions Id="DebugProbeParams">
        <Option Id="CAPTURE_COMPARE_VALUE" value="eq1&apos;bX"/>
        <Option Id="COMPARE_VALUE.0" value="eq1&apos;bX"/>
        <Option Id="DISPLAY_HINT" value=""/>
        <Option Id="DISPLAY_VISIBILITY" value=""/>
        <Option Id="HW_ILA" value="hw_ila_4"/>
        <Option Id="MAP" value="probe4[0]"/>
        <Option Id="NAME.CUSTOM" value=""/>
        <Option Id="NAME.SELECT" value="Long"/>
        <Option Id="SOURCE" value="netlist"/>
        <Option Id="TRIGGER_COMPARE_VALUE" value="eq1&apos;bX"/>
      </probeOptions>
      <nets>
        <net name="ap_idle"/>
      </nets>
    </probe>
    <probe type="ila" busType="net" source="netlist" spec="ILA_V2_RT">
      <probeOptions Id="DebugProbeParams">
        <Option Id="CAPTURE_COMPARE_VALUE" value="eq1&apos;bX"/>
        <Option Id="COMPARE_VALUE.0" value="eq1&apos;bX"/>
        <Option Id="DISPLAY_HINT" value=""/>
        <Option Id="DISPLAY_VISIBILITY" value=""/>
        <Option Id="HW_ILA" value="hw_ila_4"/>
        <Option Id="MAP" value="probe5[0]"/>
        <Option Id="NAME.CUSTOM" value=""/>
        <Option Id="NAME.SELECT" value="Long"/>
        <Option Id="SOURCE" value="netlist"/>
        <Option Id="TRIGGER_COMPARE_VALUE" value="eq1&apos;bX"/>
      </probeOptions>
      <nets>
        <net name="ap_ready"/>
      </nets>
    </probe>
    <probe type="ila" busType="net" source="netlist" spec="ILA_V2_RT">
      <probeOptions Id="DebugProbeParams">
        <Option Id="CAPTURE_COMPARE_VALUE" value="eq1&apos;bX"/>
        <Option Id="COMPARE_VALUE.0" value="eq1&apos;bX"/>
        <Option Id="DISPLAY_HINT" value=""/>
        <Option Id="DISPLAY_VISIBILITY" value=""/>
        <Option Id="HW_ILA" value="hw_ila_4"/>
        <Option Id="MAP" value="probe0[0]"/>
        <Option Id="NAME.CUSTOM" value=""/>
        <Option Id="NAME.SELECT" value="Long"/>
        <Option Id="SOURCE" value="netlist"/>
        <Option Id="TRIGGER_COMPARE_VALUE" value="eq1&apos;bX"/>
      </probeOptions>
      <nets>
        <net name="ap_rst"/>
      </nets>
    </probe>
    <probe type="ila" busType="net" source="netlist" spec="ILA_V2_RT">
      <probeOptions Id="DebugProbeParams">
        <Option Id="CAPTURE_COMPARE_VALUE" value="eq1&apos;bX"/>
        <Option Id="COMPARE_VALUE.0" value="eq1&apos;bX"/>
        <Option Id="DISPLAY_HINT" value=""/>
        <Option Id="DISPLAY_VISIBILITY" value=""/>
        <Option Id="HW_ILA" value="hw_ila_4"/>
        <Option Id="MAP" value="probe1[0]"/>
        <Option Id="NAME.CUSTOM" value=""/>
        <Option Id="NAME.SELECT" value="Long"/>
        <Option Id="SOURCE" value="netlist"/>
        <Option Id="TRIGGER_COMPARE_VALUE" value="eq1&apos;bX"/>
      </probeOptions>
      <nets>
        <net name="ap_rst_1"/>
      </nets>
    </probe>
    <probe type="ila" busType="net" source="netlist" spec="ILA_V2_RT">
      <probeOptions Id="DebugProbeParams">
        <Option Id="CAPTURE_COMPARE_VALUE" value="eq1&apos;bX"/>
        <Option Id="COMPARE_VALUE.0" value="eq1&apos;bR"/>
        <Option Id="DISPLAY_HINT" value=""/>
        <Option Id="DISPLAY_VISIBILITY" value=""/>
        <Option Id="HW_ILA" value="hw_ila_4"/>
        <Option Id="MAP" value="probe2[0]"/>
        <Option Id="NAME.CUSTOM" value=""/>
        <Option Id="NAME.SELECT" value="Long"/>
        <Option Id="SOURCE" value="netlist"/>
        <Option Id="TRIGGER_COMPARE_VALUE" value="eq1&apos;bR"/>
      </probeOptions>
      <nets>
        <net name="ap_start"/>
      </nets>
    </probe>
    <probe type="ila" busType="net" source="netlist" spec="ILA_V2_RT">
      <probeOptions Id="DebugProbeParams">
        <Option Id="CAPTURE_COMPARE_VALUE" value="eq1&apos;bX"/>
        <Option Id="COMPARE_VALUE.0" value="eq1&apos;bR"/>
        <Option Id="DISPLAY_HINT" value=""/>
        <Option Id="DISPLAY_VISIBILITY" value=""/>
        <Option Id="HW_ILA" value="hw_ila_5"/>
        <Option Id="MAP" value="probe2[0]"/>
        <Option Id="NAME.CUSTOM" value=""/>
        <Option Id="NAME.SELECT" value="Long"/>
        <Option Id="SOURCE" value="netlist"/>
        <Option Id="TRIGGER_COMPARE_VALUE" value="eq1&apos;bR"/>
      </probeOptions>
      <nets>
        <net name="i_pattern_io_engine/INPUT_RAM_start_i"/>
      </nets>
    </probe>
    <probe type="ila" busType="net" source="netlist" spec="ILA_V2_RT">
      <probeOptions Id="DebugProbeParams">
        <Option Id="CAPTURE_COMPARE_VALUE" value="eq1&apos;bX"/>
        <Option Id="COMPARE_VALUE.0" value="eq1&apos;bX"/>
        <Option Id="DISPLAY_HINT" value=""/>
        <Option Id="DISPLAY_VISIBILITY" value=""/>
        <Option Id="HW_ILA" value="hw_ila_5"/>
        <Option Id="MAP" value="probe3[0]"/>
        <Option Id="NAME.CUSTOM" value=""/>
        <Option Id="NAME.SELECT" value="Long"/>
        <Option Id="SOURCE" value="netlist"/>
        <Option Id="TRIGGER_COMPARE_VALUE" value="eq1&apos;bX"/>
      </probeOptions>
      <nets>
        <net name="i_pattern_io_engine/OUTPUT_RAM_start_i"/>
      </nets>
    </probe>
    <probe type="ila" busType="bus" source="netlist" spec="ILA_V2_RT">
      <probeOptions Id="DebugProbeParams">
        <Option Id="CAPTURE_COMPARE_VALUE" value="eq10&apos;hXXX"/>
        <Option Id="COMPARE_VALUE.0" value="eq10&apos;hXXX"/>
        <Option Id="DISPLAY_HINT" value=""/>
        <Option Id="DISPLAY_VISIBILITY" value=""/>
        <Option Id="HW_ILA" value="hw_ila_5"/>
        <Option Id="MAP" value="probe5[9:0]"/>
        <Option Id="NAME.CUSTOM" value=""/>
        <Option Id="NAME.SELECT" value="Long"/>
        <Option Id="SOURCE" value="netlist"/>
        <Option Id="TRIGGER_COMPARE_VALUE" value="eq10&apos;hXXX"/>
      </probeOptions>
      <nets>
        <net name="i_pattern_io_engine/s_INPUT_RAM_addr[9]"/>
        <net name="i_pattern_io_engine/s_INPUT_RAM_addr[8]"/>
        <net name="i_pattern_io_engine/s_INPUT_RAM_addr[7]"/>
        <net name="i_pattern_io_engine/s_INPUT_RAM_addr[6]"/>
        <net name="i_pattern_io_engine/s_INPUT_RAM_addr[5]"/>
        <net name="i_pattern_io_engine/s_INPUT_RAM_addr[4]"/>
        <net name="i_pattern_io_engine/s_INPUT_RAM_addr[3]"/>
        <net name="i_pattern_io_engine/s_INPUT_RAM_addr[2]"/>
        <net name="i_pattern_io_engine/s_INPUT_RAM_addr[1]"/>
        <net name="i_pattern_io_engine/s_INPUT_RAM_addr[0]"/>
      </nets>
    </probe>
    <probe type="ila" busType="bus" source="netlist" spec="ILA_V2_RT">
      <probeOptions Id="DebugProbeParams">
        <Option Id="CAPTURE_COMPARE_VALUE" value="eq3&apos;hX"/>
        <Option Id="COMPARE_VALUE.0" value="eq3&apos;hX"/>
        <Option Id="DISPLAY_HINT" value=""/>
        <Option Id="DISPLAY_VISIBILITY" value=""/>
        <Option Id="HW_ILA" value="hw_ila_5"/>
        <Option Id="MAP" value="probe7[2:0]"/>
        <Option Id="NAME.CUSTOM" value=""/>
        <Option Id="NAME.SELECT" value="Long"/>
        <Option Id="SOURCE" value="netlist"/>
        <Option Id="TRIGGER_COMPARE_VALUE" value="eq3&apos;hX"/>
      </probeOptions>
      <nets>
        <net name="i_pattern_io_engine/s_INPUT_RAM_cycle[2]"/>
        <net name="i_pattern_io_engine/s_INPUT_RAM_cycle[1]"/>
        <net name="i_pattern_io_engine/s_INPUT_RAM_cycle[0]"/>
      </nets>
    </probe>
    <probe type="ila" busType="bus" source="netlist" spec="ILA_V2_RT">
      <probeOptions Id="DebugProbeParams">
        <Option Id="CAPTURE_COMPARE_VALUE" value="eq32&apos;hXXXX_XXXX"/>
        <Option Id="COMPARE_VALUE.0" value="eq32&apos;hXXXX_XXXX"/>
        <Option Id="DISPLAY_HINT" value=""/>
        <Option Id="DISPLAY_VISIBILITY" value=""/>
        <Option Id="HW_ILA" value="hw_ila_5"/>
        <Option Id="MAP" value="probe0[31:0]"/>
        <Option Id="NAME.CUSTOM" value=""/>
        <Option Id="NAME.SELECT" value="Long"/>
        <Option Id="SOURCE" value="netlist"/>
        <Option Id="TRIGGER_COMPARE_VALUE" value="eq32&apos;hXXXX_XXXX"/>
      </probeOptions>
      <nets>
        <net name="i_pattern_io_engine/s_INPUT_RAM_dout_arr[0][31]"/>
        <net name="i_pattern_io_engine/s_INPUT_RAM_dout_arr[0][30]"/>
        <net name="i_pattern_io_engine/s_INPUT_RAM_dout_arr[0][29]"/>
        <net name="i_pattern_io_engine/s_INPUT_RAM_dout_arr[0][28]"/>
        <net name="i_pattern_io_engine/s_INPUT_RAM_dout_arr[0][27]"/>
        <net name="i_pattern_io_engine/s_INPUT_RAM_dout_arr[0][26]"/>
        <net name="i_pattern_io_engine/s_INPUT_RAM_dout_arr[0][25]"/>
        <net name="i_pattern_io_engine/s_INPUT_RAM_dout_arr[0][24]"/>
        <net name="i_pattern_io_engine/s_INPUT_RAM_dout_arr[0][23]"/>
        <net name="i_pattern_io_engine/s_INPUT_RAM_dout_arr[0][22]"/>
        <net name="i_pattern_io_engine/s_INPUT_RAM_dout_arr[0][21]"/>
        <net name="i_pattern_io_engine/s_INPUT_RAM_dout_arr[0][20]"/>
        <net name="i_pattern_io_engine/s_INPUT_RAM_dout_arr[0][19]"/>
        <net name="i_pattern_io_engine/s_INPUT_RAM_dout_arr[0][18]"/>
        <net name="i_pattern_io_engine/s_INPUT_RAM_dout_arr[0][17]"/>
        <net name="i_pattern_io_engine/s_INPUT_RAM_dout_arr[0][16]"/>
        <net name="i_pattern_io_engine/s_INPUT_RAM_dout_arr[0][15]"/>
        <net name="i_pattern_io_engine/s_INPUT_RAM_dout_arr[0][14]"/>
        <net name="i_pattern_io_engine/s_INPUT_RAM_dout_arr[0][13]"/>
        <net name="i_pattern_io_engine/s_INPUT_RAM_dout_arr[0][12]"/>
        <net name="i_pattern_io_engine/s_INPUT_RAM_dout_arr[0][11]"/>
        <net name="i_pattern_io_engine/s_INPUT_RAM_dout_arr[0][10]"/>
        <net name="i_pattern_io_engine/s_INPUT_RAM_dout_arr[0][9]"/>
        <net name="i_pattern_io_engine/s_INPUT_RAM_dout_arr[0][8]"/>
        <net name="i_pattern_io_engine/s_INPUT_RAM_dout_arr[0][7]"/>
        <net name="i_pattern_io_engine/s_INPUT_RAM_dout_arr[0][6]"/>
        <net name="i_pattern_io_engine/s_INPUT_RAM_dout_arr[0][5]"/>
        <net name="i_pattern_io_engine/s_INPUT_RAM_dout_arr[0][4]"/>
        <net name="i_pattern_io_engine/s_INPUT_RAM_dout_arr[0][3]"/>
        <net name="i_pattern_io_engine/s_INPUT_RAM_dout_arr[0][2]"/>
        <net name="i_pattern_io_engine/s_INPUT_RAM_dout_arr[0][1]"/>
        <net name="i_pattern_io_engine/s_INPUT_RAM_dout_arr[0][0]"/>
      </nets>
    </probe>
    <probe type="ila" busType="bus" source="netlist" spec="ILA_V2_RT">
      <probeOptions Id="DebugProbeParams">
        <Option Id="CAPTURE_COMPARE_VALUE" value="eq192&apos;hXXXX_XXXX_XXXX_XXXX_XXXX_XXXX_XXXX_XXXX_XXXX_XXXX_XXXX_XXXX"/>
        <Option Id="COMPARE_VALUE.0" value="eq192&apos;hXXXX_XXXX_XXXX_XXXX_XXXX_XXXX_XXXX_XXXX_XXXX_XXXX_XXXX_XXXX"/>
        <Option Id="DISPLAY_HINT" value=""/>
        <Option Id="DISPLAY_VISIBILITY" value=""/>
        <Option Id="HW_ILA" value="hw_ila_5"/>
        <Option Id="MAP" value="probe9[191:0]"/>
        <Option Id="NAME.CUSTOM" value=""/>
        <Option Id="NAME.SELECT" value="Long"/>
        <Option Id="SOURCE" value="netlist"/>
        <Option Id="TRIGGER_COMPARE_VALUE" value="eq192&apos;hXXXX_XXXX_XXXX_XXXX_XXXX_XXXX_XXXX_XXXX_XXXX_XXXX_XXXX_XXXX"/>
      </probeOptions>
      <nets>
        <net name="i_pattern_io_engine/s_INPUT_link_arr[0][191]"/>
        <net name="i_pattern_io_engine/s_INPUT_link_arr[0][190]"/>
        <net name="i_pattern_io_engine/s_INPUT_link_arr[0][189]"/>
        <net name="i_pattern_io_engine/s_INPUT_link_arr[0][188]"/>
        <net name="i_pattern_io_engine/s_INPUT_link_arr[0][187]"/>
        <net name="i_pattern_io_engine/s_INPUT_link_arr[0][186]"/>
        <net name="i_pattern_io_engine/s_INPUT_link_arr[0][185]"/>
        <net name="i_pattern_io_engine/s_INPUT_link_arr[0][184]"/>
        <net name="i_pattern_io_engine/s_INPUT_link_arr[0][183]"/>
        <net name="i_pattern_io_engine/s_INPUT_link_arr[0][182]"/>
        <net name="i_pattern_io_engine/s_INPUT_link_arr[0][181]"/>
        <net name="i_pattern_io_engine/s_INPUT_link_arr[0][180]"/>
        <net name="i_pattern_io_engine/s_INPUT_link_arr[0][179]"/>
        <net name="i_pattern_io_engine/s_INPUT_link_arr[0][178]"/>
        <net name="i_pattern_io_engine/s_INPUT_link_arr[0][177]"/>
        <net name="i_pattern_io_engine/s_INPUT_link_arr[0][176]"/>
        <net name="i_pattern_io_engine/s_INPUT_link_arr[0][175]"/>
        <net name="i_pattern_io_engine/s_INPUT_link_arr[0][174]"/>
        <net name="i_pattern_io_engine/s_INPUT_link_arr[0][173]"/>
        <net name="i_pattern_io_engine/s_INPUT_link_arr[0][172]"/>
        <net name="i_pattern_io_engine/s_INPUT_link_arr[0][171]"/>
        <net name="i_pattern_io_engine/s_INPUT_link_arr[0][170]"/>
        <net name="i_pattern_io_engine/s_INPUT_link_arr[0][169]"/>
        <net name="i_pattern_io_engine/s_INPUT_link_arr[0][168]"/>
        <net name="i_pattern_io_engine/s_INPUT_link_arr[0][167]"/>
        <net name="i_pattern_io_engine/s_INPUT_link_arr[0][166]"/>
        <net name="i_pattern_io_engine/s_INPUT_link_arr[0][165]"/>
        <net name="i_pattern_io_engine/s_INPUT_link_arr[0][164]"/>
        <net name="i_pattern_io_engine/s_INPUT_link_arr[0][163]"/>
        <net name="i_pattern_io_engine/s_INPUT_link_arr[0][162]"/>
        <net name="i_pattern_io_engine/s_INPUT_link_arr[0][161]"/>
        <net name="i_pattern_io_engine/s_INPUT_link_arr[0][160]"/>
        <net name="i_pattern_io_engine/s_INPUT_link_arr[0][159]"/>
        <net name="i_pattern_io_engine/s_INPUT_link_arr[0][158]"/>
        <net name="i_pattern_io_engine/s_INPUT_link_arr[0][157]"/>
        <net name="i_pattern_io_engine/s_INPUT_link_arr[0][156]"/>
        <net name="i_pattern_io_engine/s_INPUT_link_arr[0][155]"/>
        <net name="i_pattern_io_engine/s_INPUT_link_arr[0][154]"/>
        <net name="i_pattern_io_engine/s_INPUT_link_arr[0][153]"/>
        <net name="i_pattern_io_engine/s_INPUT_link_arr[0][152]"/>
        <net name="i_pattern_io_engine/s_INPUT_link_arr[0][151]"/>
        <net name="i_pattern_io_engine/s_INPUT_link_arr[0][150]"/>
        <net name="i_pattern_io_engine/s_INPUT_link_arr[0][149]"/>
        <net name="i_pattern_io_engine/s_INPUT_link_arr[0][148]"/>
        <net name="i_pattern_io_engine/s_INPUT_link_arr[0][147]"/>
        <net name="i_pattern_io_engine/s_INPUT_link_arr[0][146]"/>
        <net name="i_pattern_io_engine/s_INPUT_link_arr[0][145]"/>
        <net name="i_pattern_io_engine/s_INPUT_link_arr[0][144]"/>
        <net name="i_pattern_io_engine/s_INPUT_link_arr[0][143]"/>
        <net name="i_pattern_io_engine/s_INPUT_link_arr[0][142]"/>
        <net name="i_pattern_io_engine/s_INPUT_link_arr[0][141]"/>
        <net name="i_pattern_io_engine/s_INPUT_link_arr[0][140]"/>
        <net name="i_pattern_io_engine/s_INPUT_link_arr[0][139]"/>
        <net name="i_pattern_io_engine/s_INPUT_link_arr[0][138]"/>
        <net name="i_pattern_io_engine/s_INPUT_link_arr[0][137]"/>
        <net name="i_pattern_io_engine/s_INPUT_link_arr[0][136]"/>
        <net name="i_pattern_io_engine/s_INPUT_link_arr[0][135]"/>
        <net name="i_pattern_io_engine/s_INPUT_link_arr[0][134]"/>
        <net name="i_pattern_io_engine/s_INPUT_link_arr[0][133]"/>
        <net name="i_pattern_io_engine/s_INPUT_link_arr[0][132]"/>
        <net name="i_pattern_io_engine/s_INPUT_link_arr[0][131]"/>
        <net name="i_pattern_io_engine/s_INPUT_link_arr[0][130]"/>
        <net name="i_pattern_io_engine/s_INPUT_link_arr[0][129]"/>
        <net name="i_pattern_io_engine/s_INPUT_link_arr[0][128]"/>
        <net name="i_pattern_io_engine/s_INPUT_link_arr[0][127]"/>
        <net name="i_pattern_io_engine/s_INPUT_link_arr[0][126]"/>
        <net name="i_pattern_io_engine/s_INPUT_link_arr[0][125]"/>
        <net name="i_pattern_io_engine/s_INPUT_link_arr[0][124]"/>
        <net name="i_pattern_io_engine/s_INPUT_link_arr[0][123]"/>
        <net name="i_pattern_io_engine/s_INPUT_link_arr[0][122]"/>
        <net name="i_pattern_io_engine/s_INPUT_link_arr[0][121]"/>
        <net name="i_pattern_io_engine/s_INPUT_link_arr[0][120]"/>
        <net name="i_pattern_io_engine/s_INPUT_link_arr[0][119]"/>
        <net name="i_pattern_io_engine/s_INPUT_link_arr[0][118]"/>
        <net name="i_pattern_io_engine/s_INPUT_link_arr[0][117]"/>
        <net name="i_pattern_io_engine/s_INPUT_link_arr[0][116]"/>
        <net name="i_pattern_io_engine/s_INPUT_link_arr[0][115]"/>
        <net name="i_pattern_io_engine/s_INPUT_link_arr[0][114]"/>
        <net name="i_pattern_io_engine/s_INPUT_link_arr[0][113]"/>
        <net name="i_pattern_io_engine/s_INPUT_link_arr[0][112]"/>
        <net name="i_pattern_io_engine/s_INPUT_link_arr[0][111]"/>
        <net name="i_pattern_io_engine/s_INPUT_link_arr[0][110]"/>
        <net name="i_pattern_io_engine/s_INPUT_link_arr[0][109]"/>
        <net name="i_pattern_io_engine/s_INPUT_link_arr[0][108]"/>
        <net name="i_pattern_io_engine/s_INPUT_link_arr[0][107]"/>
        <net name="i_pattern_io_engine/s_INPUT_link_arr[0][106]"/>
        <net name="i_pattern_io_engine/s_INPUT_link_arr[0][105]"/>
        <net name="i_pattern_io_engine/s_INPUT_link_arr[0][104]"/>
        <net name="i_pattern_io_engine/s_INPUT_link_arr[0][103]"/>
        <net name="i_pattern_io_engine/s_INPUT_link_arr[0][102]"/>
        <net name="i_pattern_io_engine/s_INPUT_link_arr[0][101]"/>
        <net name="i_pattern_io_engine/s_INPUT_link_arr[0][100]"/>
        <net name="i_pattern_io_engine/s_INPUT_link_arr[0][99]"/>
        <net name="i_pattern_io_engine/s_INPUT_link_arr[0][98]"/>
        <net name="i_pattern_io_engine/s_INPUT_link_arr[0][97]"/>
        <net name="i_pattern_io_engine/s_INPUT_link_arr[0][96]"/>
        <net name="i_pattern_io_engine/s_INPUT_link_arr[0][95]"/>
        <net name="i_pattern_io_engine/s_INPUT_link_arr[0][94]"/>
        <net name="i_pattern_io_engine/s_INPUT_link_arr[0][93]"/>
        <net name="i_pattern_io_engine/s_INPUT_link_arr[0][92]"/>
        <net name="i_pattern_io_engine/s_INPUT_link_arr[0][91]"/>
        <net name="i_pattern_io_engine/s_INPUT_link_arr[0][90]"/>
        <net name="i_pattern_io_engine/s_INPUT_link_arr[0][89]"/>
        <net name="i_pattern_io_engine/s_INPUT_link_arr[0][88]"/>
        <net name="i_pattern_io_engine/s_INPUT_link_arr[0][87]"/>
        <net name="i_pattern_io_engine/s_INPUT_link_arr[0][86]"/>
        <net name="i_pattern_io_engine/s_INPUT_link_arr[0][85]"/>
        <net name="i_pattern_io_engine/s_INPUT_link_arr[0][84]"/>
        <net name="i_pattern_io_engine/s_INPUT_link_arr[0][83]"/>
        <net name="i_pattern_io_engine/s_INPUT_link_arr[0][82]"/>
        <net name="i_pattern_io_engine/s_INPUT_link_arr[0][81]"/>
        <net name="i_pattern_io_engine/s_INPUT_link_arr[0][80]"/>
        <net name="i_pattern_io_engine/s_INPUT_link_arr[0][79]"/>
        <net name="i_pattern_io_engine/s_INPUT_link_arr[0][78]"/>
        <net name="i_pattern_io_engine/s_INPUT_link_arr[0][77]"/>
        <net name="i_pattern_io_engine/s_INPUT_link_arr[0][76]"/>
        <net name="i_pattern_io_engine/s_INPUT_link_arr[0][75]"/>
        <net name="i_pattern_io_engine/s_INPUT_link_arr[0][74]"/>
        <net name="i_pattern_io_engine/s_INPUT_link_arr[0][73]"/>
        <net name="i_pattern_io_engine/s_INPUT_link_arr[0][72]"/>
        <net name="i_pattern_io_engine/s_INPUT_link_arr[0][71]"/>
        <net name="i_pattern_io_engine/s_INPUT_link_arr[0][70]"/>
        <net name="i_pattern_io_engine/s_INPUT_link_arr[0][69]"/>
        <net name="i_pattern_io_engine/s_INPUT_link_arr[0][68]"/>
        <net name="i_pattern_io_engine/s_INPUT_link_arr[0][67]"/>
        <net name="i_pattern_io_engine/s_INPUT_link_arr[0][66]"/>
        <net name="i_pattern_io_engine/s_INPUT_link_arr[0][65]"/>
        <net name="i_pattern_io_engine/s_INPUT_link_arr[0][64]"/>
        <net name="i_pattern_io_engine/s_INPUT_link_arr[0][63]"/>
        <net name="i_pattern_io_engine/s_INPUT_link_arr[0][62]"/>
        <net name="i_pattern_io_engine/s_INPUT_link_arr[0][61]"/>
        <net name="i_pattern_io_engine/s_INPUT_link_arr[0][60]"/>
        <net name="i_pattern_io_engine/s_INPUT_link_arr[0][59]"/>
        <net name="i_pattern_io_engine/s_INPUT_link_arr[0][58]"/>
        <net name="i_pattern_io_engine/s_INPUT_link_arr[0][57]"/>
        <net name="i_pattern_io_engine/s_INPUT_link_arr[0][56]"/>
        <net name="i_pattern_io_engine/s_INPUT_link_arr[0][55]"/>
        <net name="i_pattern_io_engine/s_INPUT_link_arr[0][54]"/>
        <net name="i_pattern_io_engine/s_INPUT_link_arr[0][53]"/>
        <net name="i_pattern_io_engine/s_INPUT_link_arr[0][52]"/>
        <net name="i_pattern_io_engine/s_INPUT_link_arr[0][51]"/>
        <net name="i_pattern_io_engine/s_INPUT_link_arr[0][50]"/>
        <net name="i_pattern_io_engine/s_INPUT_link_arr[0][49]"/>
        <net name="i_pattern_io_engine/s_INPUT_link_arr[0][48]"/>
        <net name="i_pattern_io_engine/s_INPUT_link_arr[0][47]"/>
        <net name="i_pattern_io_engine/s_INPUT_link_arr[0][46]"/>
        <net name="i_pattern_io_engine/s_INPUT_link_arr[0][45]"/>
        <net name="i_pattern_io_engine/s_INPUT_link_arr[0][44]"/>
        <net name="i_pattern_io_engine/s_INPUT_link_arr[0][43]"/>
        <net name="i_pattern_io_engine/s_INPUT_link_arr[0][42]"/>
        <net name="i_pattern_io_engine/s_INPUT_link_arr[0][41]"/>
        <net name="i_pattern_io_engine/s_INPUT_link_arr[0][40]"/>
        <net name="i_pattern_io_engine/s_INPUT_link_arr[0][39]"/>
        <net name="i_pattern_io_engine/s_INPUT_link_arr[0][38]"/>
        <net name="i_pattern_io_engine/s_INPUT_link_arr[0][37]"/>
        <net name="i_pattern_io_engine/s_INPUT_link_arr[0][36]"/>
        <net name="i_pattern_io_engine/s_INPUT_link_arr[0][35]"/>
        <net name="i_pattern_io_engine/s_INPUT_link_arr[0][34]"/>
        <net name="i_pattern_io_engine/s_INPUT_link_arr[0][33]"/>
        <net name="i_pattern_io_engine/s_INPUT_link_arr[0][32]"/>
        <net name="i_pattern_io_engine/s_INPUT_link_arr[0][31]"/>
        <net name="i_pattern_io_engine/s_INPUT_link_arr[0][30]"/>
        <net name="i_pattern_io_engine/s_INPUT_link_arr[0][29]"/>
        <net name="i_pattern_io_engine/s_INPUT_link_arr[0][28]"/>
        <net name="i_pattern_io_engine/s_INPUT_link_arr[0][27]"/>
        <net name="i_pattern_io_engine/s_INPUT_link_arr[0][26]"/>
        <net name="i_pattern_io_engine/s_INPUT_link_arr[0][25]"/>
        <net name="i_pattern_io_engine/s_INPUT_link_arr[0][24]"/>
        <net name="i_pattern_io_engine/s_INPUT_link_arr[0][23]"/>
        <net name="i_pattern_io_engine/s_INPUT_link_arr[0][22]"/>
        <net name="i_pattern_io_engine/s_INPUT_link_arr[0][21]"/>
        <net name="i_pattern_io_engine/s_INPUT_link_arr[0][20]"/>
        <net name="i_pattern_io_engine/s_INPUT_link_arr[0][19]"/>
        <net name="i_pattern_io_engine/s_INPUT_link_arr[0][18]"/>
        <net name="i_pattern_io_engine/s_INPUT_link_arr[0][17]"/>
        <net name="i_pattern_io_engine/s_INPUT_link_arr[0][16]"/>
        <net name="i_pattern_io_engine/s_INPUT_link_arr[0][15]"/>
        <net name="i_pattern_io_engine/s_INPUT_link_arr[0][14]"/>
        <net name="i_pattern_io_engine/s_INPUT_link_arr[0][13]"/>
        <net name="i_pattern_io_engine/s_INPUT_link_arr[0][12]"/>
        <net name="i_pattern_io_engine/s_INPUT_link_arr[0][11]"/>
        <net name="i_pattern_io_engine/s_INPUT_link_arr[0][10]"/>
        <net name="i_pattern_io_engine/s_INPUT_link_arr[0][9]"/>
        <net name="i_pattern_io_engine/s_INPUT_link_arr[0][8]"/>
        <net name="i_pattern_io_engine/s_INPUT_link_arr[0][7]"/>
        <net name="i_pattern_io_engine/s_INPUT_link_arr[0][6]"/>
        <net name="i_pattern_io_engine/s_INPUT_link_arr[0][5]"/>
        <net name="i_pattern_io_engine/s_INPUT_link_arr[0][4]"/>
        <net name="i_pattern_io_engine/s_INPUT_link_arr[0][3]"/>
        <net name="i_pattern_io_engine/s_INPUT_link_arr[0][2]"/>
        <net name="i_pattern_io_engine/s_INPUT_link_arr[0][1]"/>
        <net name="i_pattern_io_engine/s_INPUT_link_arr[0][0]"/>
      </nets>
    </probe>
    <probe type="ila" busType="bus" source="netlist" spec="ILA_V2_RT">
      <probeOptions Id="DebugProbeParams">
        <Option Id="CAPTURE_COMPARE_VALUE" value="eq10&apos;hXXX"/>
        <Option Id="COMPARE_VALUE.0" value="eq10&apos;hXXX"/>
        <Option Id="DISPLAY_HINT" value=""/>
        <Option Id="DISPLAY_VISIBILITY" value=""/>
        <Option Id="HW_ILA" value="hw_ila_5"/>
        <Option Id="MAP" value="probe6[9:0]"/>
        <Option Id="NAME.CUSTOM" value=""/>
        <Option Id="NAME.SELECT" value="Long"/>
        <Option Id="SOURCE" value="netlist"/>
        <Option Id="TRIGGER_COMPARE_VALUE" value="eq10&apos;hXXX"/>
      </probeOptions>
      <nets>
        <net name="i_pattern_io_engine/s_OUTPUT_RAM_addr[9]"/>
        <net name="i_pattern_io_engine/s_OUTPUT_RAM_addr[8]"/>
        <net name="i_pattern_io_engine/s_OUTPUT_RAM_addr[7]"/>
        <net name="i_pattern_io_engine/s_OUTPUT_RAM_addr[6]"/>
        <net name="i_pattern_io_engine/s_OUTPUT_RAM_addr[5]"/>
        <net name="i_pattern_io_engine/s_OUTPUT_RAM_addr[4]"/>
        <net name="i_pattern_io_engine/s_OUTPUT_RAM_addr[3]"/>
        <net name="i_pattern_io_engine/s_OUTPUT_RAM_addr[2]"/>
        <net name="i_pattern_io_engine/s_OUTPUT_RAM_addr[1]"/>
        <net name="i_pattern_io_engine/s_OUTPUT_RAM_addr[0]"/>
      </nets>
    </probe>
    <probe type="ila" busType="bus" source="netlist" spec="ILA_V2_RT">
      <probeOptions Id="DebugProbeParams">
        <Option Id="CAPTURE_COMPARE_VALUE" value="eq3&apos;hX"/>
        <Option Id="COMPARE_VALUE.0" value="eq3&apos;hX"/>
        <Option Id="DISPLAY_HINT" value=""/>
        <Option Id="DISPLAY_VISIBILITY" value=""/>
        <Option Id="HW_ILA" value="hw_ila_5"/>
        <Option Id="MAP" value="probe8[2:0]"/>
        <Option Id="NAME.CUSTOM" value=""/>
        <Option Id="NAME.SELECT" value="Long"/>
        <Option Id="SOURCE" value="netlist"/>
        <Option Id="TRIGGER_COMPARE_VALUE" value="eq3&apos;hX"/>
      </probeOptions>
      <nets>
        <net name="i_pattern_io_engine/s_OUTPUT_RAM_cycle[2]"/>
        <net name="i_pattern_io_engine/s_OUTPUT_RAM_cycle[1]"/>
        <net name="i_pattern_io_engine/s_OUTPUT_RAM_cycle[0]"/>
      </nets>
    </probe>
    <probe type="ila" busType="bus" source="netlist" spec="ILA_V2_RT">
      <probeOptions Id="DebugProbeParams">
        <Option Id="CAPTURE_COMPARE_VALUE" value="eq32&apos;hXXXX_XXXX"/>
        <Option Id="COMPARE_VALUE.0" value="eq32&apos;hXXXX_XXXX"/>
        <Option Id="DISPLAY_HINT" value=""/>
        <Option Id="DISPLAY_VISIBILITY" value=""/>
        <Option Id="HW_ILA" value="hw_ila_5"/>
        <Option Id="MAP" value="probe1[31:0]"/>
        <Option Id="NAME.CUSTOM" value=""/>
        <Option Id="NAME.SELECT" value="Long"/>
        <Option Id="SOURCE" value="netlist"/>
        <Option Id="TRIGGER_COMPARE_VALUE" value="eq32&apos;hXXXX_XXXX"/>
      </probeOptions>
      <nets>
        <net name="i_pattern_io_engine/s_OUTPUT_RAM_din_arr[0][31]"/>
        <net name="i_pattern_io_engine/s_OUTPUT_RAM_din_arr[0][30]"/>
        <net name="i_pattern_io_engine/s_OUTPUT_RAM_din_arr[0][29]"/>
        <net name="i_pattern_io_engine/s_OUTPUT_RAM_din_arr[0][28]"/>
        <net name="i_pattern_io_engine/s_OUTPUT_RAM_din_arr[0][27]"/>
        <net name="i_pattern_io_engine/s_OUTPUT_RAM_din_arr[0][26]"/>
        <net name="i_pattern_io_engine/s_OUTPUT_RAM_din_arr[0][25]"/>
        <net name="i_pattern_io_engine/s_OUTPUT_RAM_din_arr[0][24]"/>
        <net name="i_pattern_io_engine/s_OUTPUT_RAM_din_arr[0][23]"/>
        <net name="i_pattern_io_engine/s_OUTPUT_RAM_din_arr[0][22]"/>
        <net name="i_pattern_io_engine/s_OUTPUT_RAM_din_arr[0][21]"/>
        <net name="i_pattern_io_engine/s_OUTPUT_RAM_din_arr[0][20]"/>
        <net name="i_pattern_io_engine/s_OUTPUT_RAM_din_arr[0][19]"/>
        <net name="i_pattern_io_engine/s_OUTPUT_RAM_din_arr[0][18]"/>
        <net name="i_pattern_io_engine/s_OUTPUT_RAM_din_arr[0][17]"/>
        <net name="i_pattern_io_engine/s_OUTPUT_RAM_din_arr[0][16]"/>
        <net name="i_pattern_io_engine/s_OUTPUT_RAM_din_arr[0][15]"/>
        <net name="i_pattern_io_engine/s_OUTPUT_RAM_din_arr[0][14]"/>
        <net name="i_pattern_io_engine/s_OUTPUT_RAM_din_arr[0][13]"/>
        <net name="i_pattern_io_engine/s_OUTPUT_RAM_din_arr[0][12]"/>
        <net name="i_pattern_io_engine/s_OUTPUT_RAM_din_arr[0][11]"/>
        <net name="i_pattern_io_engine/s_OUTPUT_RAM_din_arr[0][10]"/>
        <net name="i_pattern_io_engine/s_OUTPUT_RAM_din_arr[0][9]"/>
        <net name="i_pattern_io_engine/s_OUTPUT_RAM_din_arr[0][8]"/>
        <net name="i_pattern_io_engine/s_OUTPUT_RAM_din_arr[0][7]"/>
        <net name="i_pattern_io_engine/s_OUTPUT_RAM_din_arr[0][6]"/>
        <net name="i_pattern_io_engine/s_OUTPUT_RAM_din_arr[0][5]"/>
        <net name="i_pattern_io_engine/s_OUTPUT_RAM_din_arr[0][4]"/>
        <net name="i_pattern_io_engine/s_OUTPUT_RAM_din_arr[0][3]"/>
        <net name="i_pattern_io_engine/s_OUTPUT_RAM_din_arr[0][2]"/>
        <net name="i_pattern_io_engine/s_OUTPUT_RAM_din_arr[0][1]"/>
        <net name="i_pattern_io_engine/s_OUTPUT_RAM_din_arr[0][0]"/>
      </nets>
    </probe>
    <probe type="ila" busType="net" source="netlist" spec="ILA_V2_RT">
      <probeOptions Id="DebugProbeParams">
        <Option Id="CAPTURE_COMPARE_VALUE" value="eq1&apos;bX"/>
        <Option Id="COMPARE_VALUE.0" value="eq1&apos;bX"/>
        <Option Id="DISPLAY_HINT" value=""/>
        <Option Id="DISPLAY_VISIBILITY" value=""/>
        <Option Id="HW_ILA" value="hw_ila_5"/>
        <Option Id="MAP" value="probe4[0]"/>
        <Option Id="NAME.CUSTOM" value=""/>
        <Option Id="NAME.SELECT" value="Long"/>
        <Option Id="SOURCE" value="netlist"/>
        <Option Id="TRIGGER_COMPARE_VALUE" value="eq1&apos;bX"/>
      </probeOptions>
      <nets>
        <net name="i_pattern_io_engine/s_OUTPUT_RAM_we"/>
      </nets>
    </probe>
    <probe type="ila" busType="bus" source="netlist" spec="ILA_V2_RT">
      <probeOptions Id="DebugProbeParams">
        <Option Id="CAPTURE_COMPARE_VALUE" value="eq192&apos;hXXXX_XXXX_XXXX_XXXX_XXXX_XXXX_XXXX_XXXX_XXXX_XXXX_XXXX_XXXX"/>
        <Option Id="COMPARE_VALUE.0" value="eq192&apos;hXXXX_XXXX_XXXX_XXXX_XXXX_XXXX_XXXX_XXXX_XXXX_XXXX_XXXX_XXXX"/>
        <Option Id="DISPLAY_HINT" value=""/>
        <Option Id="DISPLAY_VISIBILITY" value=""/>
        <Option Id="HW_ILA" value="hw_ila_5"/>
        <Option Id="MAP" value="probe10[191:0]"/>
        <Option Id="NAME.CUSTOM" value=""/>
        <Option Id="NAME.SELECT" value="Long"/>
        <Option Id="SOURCE" value="netlist"/>
        <Option Id="TRIGGER_COMPARE_VALUE" value="eq192&apos;hXXXX_XXXX_XXXX_XXXX_XXXX_XXXX_XXXX_XXXX_XXXX_XXXX_XXXX_XXXX"/>
      </probeOptions>
      <nets>
        <net name="i_pattern_io_engine/s_OUTPUT_link_arr[0][191]"/>
        <net name="i_pattern_io_engine/s_OUTPUT_link_arr[0][190]"/>
        <net name="i_pattern_io_engine/s_OUTPUT_link_arr[0][189]"/>
        <net name="i_pattern_io_engine/s_OUTPUT_link_arr[0][188]"/>
        <net name="i_pattern_io_engine/s_OUTPUT_link_arr[0][187]"/>
        <net name="i_pattern_io_engine/s_OUTPUT_link_arr[0][186]"/>
        <net name="i_pattern_io_engine/s_OUTPUT_link_arr[0][185]"/>
        <net name="i_pattern_io_engine/s_OUTPUT_link_arr[0][184]"/>
        <net name="i_pattern_io_engine/s_OUTPUT_link_arr[0][183]"/>
        <net name="i_pattern_io_engine/s_OUTPUT_link_arr[0][182]"/>
        <net name="i_pattern_io_engine/s_OUTPUT_link_arr[0][181]"/>
        <net name="i_pattern_io_engine/s_OUTPUT_link_arr[0][180]"/>
        <net name="i_pattern_io_engine/s_OUTPUT_link_arr[0][179]"/>
        <net name="i_pattern_io_engine/s_OUTPUT_link_arr[0][178]"/>
        <net name="i_pattern_io_engine/s_OUTPUT_link_arr[0][177]"/>
        <net name="i_pattern_io_engine/s_OUTPUT_link_arr[0][176]"/>
        <net name="i_pattern_io_engine/s_OUTPUT_link_arr[0][175]"/>
        <net name="i_pattern_io_engine/s_OUTPUT_link_arr[0][174]"/>
        <net name="i_pattern_io_engine/s_OUTPUT_link_arr[0][173]"/>
        <net name="i_pattern_io_engine/s_OUTPUT_link_arr[0][172]"/>
        <net name="i_pattern_io_engine/s_OUTPUT_link_arr[0][171]"/>
        <net name="i_pattern_io_engine/s_OUTPUT_link_arr[0][170]"/>
        <net name="i_pattern_io_engine/s_OUTPUT_link_arr[0][169]"/>
        <net name="i_pattern_io_engine/s_OUTPUT_link_arr[0][168]"/>
        <net name="i_pattern_io_engine/s_OUTPUT_link_arr[0][167]"/>
        <net name="i_pattern_io_engine/s_OUTPUT_link_arr[0][166]"/>
        <net name="i_pattern_io_engine/s_OUTPUT_link_arr[0][165]"/>
        <net name="i_pattern_io_engine/s_OUTPUT_link_arr[0][164]"/>
        <net name="i_pattern_io_engine/s_OUTPUT_link_arr[0][163]"/>
        <net name="i_pattern_io_engine/s_OUTPUT_link_arr[0][162]"/>
        <net name="i_pattern_io_engine/s_OUTPUT_link_arr[0][161]"/>
        <net name="i_pattern_io_engine/s_OUTPUT_link_arr[0][160]"/>
        <net name="i_pattern_io_engine/s_OUTPUT_link_arr[0][159]"/>
        <net name="i_pattern_io_engine/s_OUTPUT_link_arr[0][158]"/>
        <net name="i_pattern_io_engine/s_OUTPUT_link_arr[0][157]"/>
        <net name="i_pattern_io_engine/s_OUTPUT_link_arr[0][156]"/>
        <net name="i_pattern_io_engine/s_OUTPUT_link_arr[0][155]"/>
        <net name="i_pattern_io_engine/s_OUTPUT_link_arr[0][154]"/>
        <net name="i_pattern_io_engine/s_OUTPUT_link_arr[0][153]"/>
        <net name="i_pattern_io_engine/s_OUTPUT_link_arr[0][152]"/>
        <net name="i_pattern_io_engine/s_OUTPUT_link_arr[0][151]"/>
        <net name="i_pattern_io_engine/s_OUTPUT_link_arr[0][150]"/>
        <net name="i_pattern_io_engine/s_OUTPUT_link_arr[0][149]"/>
        <net name="i_pattern_io_engine/s_OUTPUT_link_arr[0][148]"/>
        <net name="i_pattern_io_engine/s_OUTPUT_link_arr[0][147]"/>
        <net name="i_pattern_io_engine/s_OUTPUT_link_arr[0][146]"/>
        <net name="i_pattern_io_engine/s_OUTPUT_link_arr[0][145]"/>
        <net name="i_pattern_io_engine/s_OUTPUT_link_arr[0][144]"/>
        <net name="i_pattern_io_engine/s_OUTPUT_link_arr[0][143]"/>
        <net name="i_pattern_io_engine/s_OUTPUT_link_arr[0][142]"/>
        <net name="i_pattern_io_engine/s_OUTPUT_link_arr[0][141]"/>
        <net name="i_pattern_io_engine/s_OUTPUT_link_arr[0][140]"/>
        <net name="i_pattern_io_engine/s_OUTPUT_link_arr[0][139]"/>
        <net name="i_pattern_io_engine/s_OUTPUT_link_arr[0][138]"/>
        <net name="i_pattern_io_engine/s_OUTPUT_link_arr[0][137]"/>
        <net name="i_pattern_io_engine/s_OUTPUT_link_arr[0][136]"/>
        <net name="i_pattern_io_engine/s_OUTPUT_link_arr[0][135]"/>
        <net name="i_pattern_io_engine/s_OUTPUT_link_arr[0][134]"/>
        <net name="i_pattern_io_engine/s_OUTPUT_link_arr[0][133]"/>
        <net name="i_pattern_io_engine/s_OUTPUT_link_arr[0][132]"/>
        <net name="i_pattern_io_engine/s_OUTPUT_link_arr[0][131]"/>
        <net name="i_pattern_io_engine/s_OUTPUT_link_arr[0][130]"/>
        <net name="i_pattern_io_engine/s_OUTPUT_link_arr[0][129]"/>
        <net name="i_pattern_io_engine/s_OUTPUT_link_arr[0][128]"/>
        <net name="i_pattern_io_engine/s_OUTPUT_link_arr[0][127]"/>
        <net name="i_pattern_io_engine/s_OUTPUT_link_arr[0][126]"/>
        <net name="i_pattern_io_engine/s_OUTPUT_link_arr[0][125]"/>
        <net name="i_pattern_io_engine/s_OUTPUT_link_arr[0][124]"/>
        <net name="i_pattern_io_engine/s_OUTPUT_link_arr[0][123]"/>
        <net name="i_pattern_io_engine/s_OUTPUT_link_arr[0][122]"/>
        <net name="i_pattern_io_engine/s_OUTPUT_link_arr[0][121]"/>
        <net name="i_pattern_io_engine/s_OUTPUT_link_arr[0][120]"/>
        <net name="i_pattern_io_engine/s_OUTPUT_link_arr[0][119]"/>
        <net name="i_pattern_io_engine/s_OUTPUT_link_arr[0][118]"/>
        <net name="i_pattern_io_engine/s_OUTPUT_link_arr[0][117]"/>
        <net name="i_pattern_io_engine/s_OUTPUT_link_arr[0][116]"/>
        <net name="i_pattern_io_engine/s_OUTPUT_link_arr[0][115]"/>
        <net name="i_pattern_io_engine/s_OUTPUT_link_arr[0][114]"/>
        <net name="i_pattern_io_engine/s_OUTPUT_link_arr[0][113]"/>
        <net name="i_pattern_io_engine/s_OUTPUT_link_arr[0][112]"/>
        <net name="i_pattern_io_engine/s_OUTPUT_link_arr[0][111]"/>
        <net name="i_pattern_io_engine/s_OUTPUT_link_arr[0][110]"/>
        <net name="i_pattern_io_engine/s_OUTPUT_link_arr[0][109]"/>
        <net name="i_pattern_io_engine/s_OUTPUT_link_arr[0][108]"/>
        <net name="i_pattern_io_engine/s_OUTPUT_link_arr[0][107]"/>
        <net name="i_pattern_io_engine/s_OUTPUT_link_arr[0][106]"/>
        <net name="i_pattern_io_engine/s_OUTPUT_link_arr[0][105]"/>
        <net name="i_pattern_io_engine/s_OUTPUT_link_arr[0][104]"/>
        <net name="i_pattern_io_engine/s_OUTPUT_link_arr[0][103]"/>
        <net name="i_pattern_io_engine/s_OUTPUT_link_arr[0][102]"/>
        <net name="i_pattern_io_engine/s_OUTPUT_link_arr[0][101]"/>
        <net name="i_pattern_io_engine/s_OUTPUT_link_arr[0][100]"/>
        <net name="i_pattern_io_engine/s_OUTPUT_link_arr[0][99]"/>
        <net name="i_pattern_io_engine/s_OUTPUT_link_arr[0][98]"/>
        <net name="i_pattern_io_engine/s_OUTPUT_link_arr[0][97]"/>
        <net name="i_pattern_io_engine/s_OUTPUT_link_arr[0][96]"/>
        <net name="i_pattern_io_engine/s_OUTPUT_link_arr[0][95]"/>
        <net name="i_pattern_io_engine/s_OUTPUT_link_arr[0][94]"/>
        <net name="i_pattern_io_engine/s_OUTPUT_link_arr[0][93]"/>
        <net name="i_pattern_io_engine/s_OUTPUT_link_arr[0][92]"/>
        <net name="i_pattern_io_engine/s_OUTPUT_link_arr[0][91]"/>
        <net name="i_pattern_io_engine/s_OUTPUT_link_arr[0][90]"/>
        <net name="i_pattern_io_engine/s_OUTPUT_link_arr[0][89]"/>
        <net name="i_pattern_io_engine/s_OUTPUT_link_arr[0][88]"/>
        <net name="i_pattern_io_engine/s_OUTPUT_link_arr[0][87]"/>
        <net name="i_pattern_io_engine/s_OUTPUT_link_arr[0][86]"/>
        <net name="i_pattern_io_engine/s_OUTPUT_link_arr[0][85]"/>
        <net name="i_pattern_io_engine/s_OUTPUT_link_arr[0][84]"/>
        <net name="i_pattern_io_engine/s_OUTPUT_link_arr[0][83]"/>
        <net name="i_pattern_io_engine/s_OUTPUT_link_arr[0][82]"/>
        <net name="i_pattern_io_engine/s_OUTPUT_link_arr[0][81]"/>
        <net name="i_pattern_io_engine/s_OUTPUT_link_arr[0][80]"/>
        <net name="i_pattern_io_engine/s_OUTPUT_link_arr[0][79]"/>
        <net name="i_pattern_io_engine/s_OUTPUT_link_arr[0][78]"/>
        <net name="i_pattern_io_engine/s_OUTPUT_link_arr[0][77]"/>
        <net name="i_pattern_io_engine/s_OUTPUT_link_arr[0][76]"/>
        <net name="i_pattern_io_engine/s_OUTPUT_link_arr[0][75]"/>
        <net name="i_pattern_io_engine/s_OUTPUT_link_arr[0][74]"/>
        <net name="i_pattern_io_engine/s_OUTPUT_link_arr[0][73]"/>
        <net name="i_pattern_io_engine/s_OUTPUT_link_arr[0][72]"/>
        <net name="i_pattern_io_engine/s_OUTPUT_link_arr[0][71]"/>
        <net name="i_pattern_io_engine/s_OUTPUT_link_arr[0][70]"/>
        <net name="i_pattern_io_engine/s_OUTPUT_link_arr[0][69]"/>
        <net name="i_pattern_io_engine/s_OUTPUT_link_arr[0][68]"/>
        <net name="i_pattern_io_engine/s_OUTPUT_link_arr[0][67]"/>
        <net name="i_pattern_io_engine/s_OUTPUT_link_arr[0][66]"/>
        <net name="i_pattern_io_engine/s_OUTPUT_link_arr[0][65]"/>
        <net name="i_pattern_io_engine/s_OUTPUT_link_arr[0][64]"/>
        <net name="i_pattern_io_engine/s_OUTPUT_link_arr[0][63]"/>
        <net name="i_pattern_io_engine/s_OUTPUT_link_arr[0][62]"/>
        <net name="i_pattern_io_engine/s_OUTPUT_link_arr[0][61]"/>
        <net name="i_pattern_io_engine/s_OUTPUT_link_arr[0][60]"/>
        <net name="i_pattern_io_engine/s_OUTPUT_link_arr[0][59]"/>
        <net name="i_pattern_io_engine/s_OUTPUT_link_arr[0][58]"/>
        <net name="i_pattern_io_engine/s_OUTPUT_link_arr[0][57]"/>
        <net name="i_pattern_io_engine/s_OUTPUT_link_arr[0][56]"/>
        <net name="i_pattern_io_engine/s_OUTPUT_link_arr[0][55]"/>
        <net name="i_pattern_io_engine/s_OUTPUT_link_arr[0][54]"/>
        <net name="i_pattern_io_engine/s_OUTPUT_link_arr[0][53]"/>
        <net name="i_pattern_io_engine/s_OUTPUT_link_arr[0][52]"/>
        <net name="i_pattern_io_engine/s_OUTPUT_link_arr[0][51]"/>
        <net name="i_pattern_io_engine/s_OUTPUT_link_arr[0][50]"/>
        <net name="i_pattern_io_engine/s_OUTPUT_link_arr[0][49]"/>
        <net name="i_pattern_io_engine/s_OUTPUT_link_arr[0][48]"/>
        <net name="i_pattern_io_engine/s_OUTPUT_link_arr[0][47]"/>
        <net name="i_pattern_io_engine/s_OUTPUT_link_arr[0][46]"/>
        <net name="i_pattern_io_engine/s_OUTPUT_link_arr[0][45]"/>
        <net name="i_pattern_io_engine/s_OUTPUT_link_arr[0][44]"/>
        <net name="i_pattern_io_engine/s_OUTPUT_link_arr[0][43]"/>
        <net name="i_pattern_io_engine/s_OUTPUT_link_arr[0][42]"/>
        <net name="i_pattern_io_engine/s_OUTPUT_link_arr[0][41]"/>
        <net name="i_pattern_io_engine/s_OUTPUT_link_arr[0][40]"/>
        <net name="i_pattern_io_engine/s_OUTPUT_link_arr[0][39]"/>
        <net name="i_pattern_io_engine/s_OUTPUT_link_arr[0][38]"/>
        <net name="i_pattern_io_engine/s_OUTPUT_link_arr[0][37]"/>
        <net name="i_pattern_io_engine/s_OUTPUT_link_arr[0][36]"/>
        <net name="i_pattern_io_engine/s_OUTPUT_link_arr[0][35]"/>
        <net name="i_pattern_io_engine/s_OUTPUT_link_arr[0][34]"/>
        <net name="i_pattern_io_engine/s_OUTPUT_link_arr[0][33]"/>
        <net name="i_pattern_io_engine/s_OUTPUT_link_arr[0][32]"/>
        <net name="i_pattern_io_engine/s_OUTPUT_link_arr[0][31]"/>
        <net name="i_pattern_io_engine/s_OUTPUT_link_arr[0][30]"/>
        <net name="i_pattern_io_engine/s_OUTPUT_link_arr[0][29]"/>
        <net name="i_pattern_io_engine/s_OUTPUT_link_arr[0][28]"/>
        <net name="i_pattern_io_engine/s_OUTPUT_link_arr[0][27]"/>
        <net name="i_pattern_io_engine/s_OUTPUT_link_arr[0][26]"/>
        <net name="i_pattern_io_engine/s_OUTPUT_link_arr[0][25]"/>
        <net name="i_pattern_io_engine/s_OUTPUT_link_arr[0][24]"/>
        <net name="i_pattern_io_engine/s_OUTPUT_link_arr[0][23]"/>
        <net name="i_pattern_io_engine/s_OUTPUT_link_arr[0][22]"/>
        <net name="i_pattern_io_engine/s_OUTPUT_link_arr[0][21]"/>
        <net name="i_pattern_io_engine/s_OUTPUT_link_arr[0][20]"/>
        <net name="i_pattern_io_engine/s_OUTPUT_link_arr[0][19]"/>
        <net name="i_pattern_io_engine/s_OUTPUT_link_arr[0][18]"/>
        <net name="i_pattern_io_engine/s_OUTPUT_link_arr[0][17]"/>
        <net name="i_pattern_io_engine/s_OUTPUT_link_arr[0][16]"/>
        <net name="i_pattern_io_engine/s_OUTPUT_link_arr[0][15]"/>
        <net name="i_pattern_io_engine/s_OUTPUT_link_arr[0][14]"/>
        <net name="i_pattern_io_engine/s_OUTPUT_link_arr[0][13]"/>
        <net name="i_pattern_io_engine/s_OUTPUT_link_arr[0][12]"/>
        <net name="i_pattern_io_engine/s_OUTPUT_link_arr[0][11]"/>
        <net name="i_pattern_io_engine/s_OUTPUT_link_arr[0][10]"/>
        <net name="i_pattern_io_engine/s_OUTPUT_link_arr[0][9]"/>
        <net name="i_pattern_io_engine/s_OUTPUT_link_arr[0][8]"/>
        <net name="i_pattern_io_engine/s_OUTPUT_link_arr[0][7]"/>
        <net name="i_pattern_io_engine/s_OUTPUT_link_arr[0][6]"/>
        <net name="i_pattern_io_engine/s_OUTPUT_link_arr[0][5]"/>
        <net name="i_pattern_io_engine/s_OUTPUT_link_arr[0][4]"/>
        <net name="i_pattern_io_engine/s_OUTPUT_link_arr[0][3]"/>
        <net name="i_pattern_io_engine/s_OUTPUT_link_arr[0][2]"/>
        <net name="i_pattern_io_engine/s_OUTPUT_link_arr[0][1]"/>
        <net name="i_pattern_io_engine/s_OUTPUT_link_arr[0][0]"/>
      </nets>
    </probe>
    <probe type="ila" busType="bus" source="netlist" spec="ILA_V2_RT">
      <probeOptions Id="DebugProbeParams">
        <Option Id="CAPTURE_COMPARE_VALUE" value="eq192&apos;hXXXX_XXXX_XXXX_XXXX_XXXX_XXXX_XXXX_XXXX_XXXX_XXXX_XXXX_XXXX"/>
        <Option Id="COMPARE_VALUE.0" value="eq192&apos;hXXXX_XXXX_XXXX_XXXX_XXXX_XXXX_XXXX_XXXX_XXXX_XXXX_XXXX_XXXX"/>
        <Option Id="DISPLAY_HINT" value=""/>
        <Option Id="DISPLAY_VISIBILITY" value=""/>
        <Option Id="HW_ILA" value="hw_ila_4"/>
        <Option Id="MAP" value="probe6[191:0]"/>
        <Option Id="NAME.CUSTOM" value=""/>
        <Option Id="NAME.SELECT" value="Long"/>
        <Option Id="SOURCE" value="netlist"/>
        <Option Id="TRIGGER_COMPARE_VALUE" value="eq192&apos;hXXXX_XXXX_XXXX_XXXX_XXXX_XXXX_XXXX_XXXX_XXXX_XXXX_XXXX_XXXX"/>
      </probeOptions>
      <nets>
        <net name="s_INPUT_link_arr[0][191]"/>
        <net name="s_INPUT_link_arr[0][190]"/>
        <net name="s_INPUT_link_arr[0][189]"/>
        <net name="s_INPUT_link_arr[0][188]"/>
        <net name="s_INPUT_link_arr[0][187]"/>
        <net name="s_INPUT_link_arr[0][186]"/>
        <net name="s_INPUT_link_arr[0][185]"/>
        <net name="s_INPUT_link_arr[0][184]"/>
        <net name="s_INPUT_link_arr[0][183]"/>
        <net name="s_INPUT_link_arr[0][182]"/>
        <net name="s_INPUT_link_arr[0][181]"/>
        <net name="s_INPUT_link_arr[0][180]"/>
        <net name="s_INPUT_link_arr[0][179]"/>
        <net name="s_INPUT_link_arr[0][178]"/>
        <net name="s_INPUT_link_arr[0][177]"/>
        <net name="s_INPUT_link_arr[0][176]"/>
        <net name="s_INPUT_link_arr[0][175]"/>
        <net name="s_INPUT_link_arr[0][174]"/>
        <net name="s_INPUT_link_arr[0][173]"/>
        <net name="s_INPUT_link_arr[0][172]"/>
        <net name="s_INPUT_link_arr[0][171]"/>
        <net name="s_INPUT_link_arr[0][170]"/>
        <net name="s_INPUT_link_arr[0][169]"/>
        <net name="s_INPUT_link_arr[0][168]"/>
        <net name="s_INPUT_link_arr[0][167]"/>
        <net name="s_INPUT_link_arr[0][166]"/>
        <net name="s_INPUT_link_arr[0][165]"/>
        <net name="s_INPUT_link_arr[0][164]"/>
        <net name="s_INPUT_link_arr[0][163]"/>
        <net name="s_INPUT_link_arr[0][162]"/>
        <net name="s_INPUT_link_arr[0][161]"/>
        <net name="s_INPUT_link_arr[0][160]"/>
        <net name="s_INPUT_link_arr[0][159]"/>
        <net name="s_INPUT_link_arr[0][158]"/>
        <net name="s_INPUT_link_arr[0][157]"/>
        <net name="s_INPUT_link_arr[0][156]"/>
        <net name="s_INPUT_link_arr[0][155]"/>
        <net name="s_INPUT_link_arr[0][154]"/>
        <net name="s_INPUT_link_arr[0][153]"/>
        <net name="s_INPUT_link_arr[0][152]"/>
        <net name="s_INPUT_link_arr[0][151]"/>
        <net name="s_INPUT_link_arr[0][150]"/>
        <net name="s_INPUT_link_arr[0][149]"/>
        <net name="s_INPUT_link_arr[0][148]"/>
        <net name="s_INPUT_link_arr[0][147]"/>
        <net name="s_INPUT_link_arr[0][146]"/>
        <net name="s_INPUT_link_arr[0][145]"/>
        <net name="s_INPUT_link_arr[0][144]"/>
        <net name="s_INPUT_link_arr[0][143]"/>
        <net name="s_INPUT_link_arr[0][142]"/>
        <net name="s_INPUT_link_arr[0][141]"/>
        <net name="s_INPUT_link_arr[0][140]"/>
        <net name="s_INPUT_link_arr[0][139]"/>
        <net name="s_INPUT_link_arr[0][138]"/>
        <net name="s_INPUT_link_arr[0][137]"/>
        <net name="s_INPUT_link_arr[0][136]"/>
        <net name="s_INPUT_link_arr[0][135]"/>
        <net name="s_INPUT_link_arr[0][134]"/>
        <net name="s_INPUT_link_arr[0][133]"/>
        <net name="s_INPUT_link_arr[0][132]"/>
        <net name="s_INPUT_link_arr[0][131]"/>
        <net name="s_INPUT_link_arr[0][130]"/>
        <net name="s_INPUT_link_arr[0][129]"/>
        <net name="s_INPUT_link_arr[0][128]"/>
        <net name="s_INPUT_link_arr[0][127]"/>
        <net name="s_INPUT_link_arr[0][126]"/>
        <net name="s_INPUT_link_arr[0][125]"/>
        <net name="s_INPUT_link_arr[0][124]"/>
        <net name="s_INPUT_link_arr[0][123]"/>
        <net name="s_INPUT_link_arr[0][122]"/>
        <net name="s_INPUT_link_arr[0][121]"/>
        <net name="s_INPUT_link_arr[0][120]"/>
        <net name="s_INPUT_link_arr[0][119]"/>
        <net name="s_INPUT_link_arr[0][118]"/>
        <net name="s_INPUT_link_arr[0][117]"/>
        <net name="s_INPUT_link_arr[0][116]"/>
        <net name="s_INPUT_link_arr[0][115]"/>
        <net name="s_INPUT_link_arr[0][114]"/>
        <net name="s_INPUT_link_arr[0][113]"/>
        <net name="s_INPUT_link_arr[0][112]"/>
        <net name="s_INPUT_link_arr[0][111]"/>
        <net name="s_INPUT_link_arr[0][110]"/>
        <net name="s_INPUT_link_arr[0][109]"/>
        <net name="s_INPUT_link_arr[0][108]"/>
        <net name="s_INPUT_link_arr[0][107]"/>
        <net name="s_INPUT_link_arr[0][106]"/>
        <net name="s_INPUT_link_arr[0][105]"/>
        <net name="s_INPUT_link_arr[0][104]"/>
        <net name="s_INPUT_link_arr[0][103]"/>
        <net name="s_INPUT_link_arr[0][102]"/>
        <net name="s_INPUT_link_arr[0][101]"/>
        <net name="s_INPUT_link_arr[0][100]"/>
        <net name="s_INPUT_link_arr[0][99]"/>
        <net name="s_INPUT_link_arr[0][98]"/>
        <net name="s_INPUT_link_arr[0][97]"/>
        <net name="s_INPUT_link_arr[0][96]"/>
        <net name="s_INPUT_link_arr[0][95]"/>
        <net name="s_INPUT_link_arr[0][94]"/>
        <net name="s_INPUT_link_arr[0][93]"/>
        <net name="s_INPUT_link_arr[0][92]"/>
        <net name="s_INPUT_link_arr[0][91]"/>
        <net name="s_INPUT_link_arr[0][90]"/>
        <net name="s_INPUT_link_arr[0][89]"/>
        <net name="s_INPUT_link_arr[0][88]"/>
        <net name="s_INPUT_link_arr[0][87]"/>
        <net name="s_INPUT_link_arr[0][86]"/>
        <net name="s_INPUT_link_arr[0][85]"/>
        <net name="s_INPUT_link_arr[0][84]"/>
        <net name="s_INPUT_link_arr[0][83]"/>
        <net name="s_INPUT_link_arr[0][82]"/>
        <net name="s_INPUT_link_arr[0][81]"/>
        <net name="s_INPUT_link_arr[0][80]"/>
        <net name="s_INPUT_link_arr[0][79]"/>
        <net name="s_INPUT_link_arr[0][78]"/>
        <net name="s_INPUT_link_arr[0][77]"/>
        <net name="s_INPUT_link_arr[0][76]"/>
        <net name="s_INPUT_link_arr[0][75]"/>
        <net name="s_INPUT_link_arr[0][74]"/>
        <net name="s_INPUT_link_arr[0][73]"/>
        <net name="s_INPUT_link_arr[0][72]"/>
        <net name="s_INPUT_link_arr[0][71]"/>
        <net name="s_INPUT_link_arr[0][70]"/>
        <net name="s_INPUT_link_arr[0][69]"/>
        <net name="s_INPUT_link_arr[0][68]"/>
        <net name="s_INPUT_link_arr[0][67]"/>
        <net name="s_INPUT_link_arr[0][66]"/>
        <net name="s_INPUT_link_arr[0][65]"/>
        <net name="s_INPUT_link_arr[0][64]"/>
        <net name="s_INPUT_link_arr[0][63]"/>
        <net name="s_INPUT_link_arr[0][62]"/>
        <net name="s_INPUT_link_arr[0][61]"/>
        <net name="s_INPUT_link_arr[0][60]"/>
        <net name="s_INPUT_link_arr[0][59]"/>
        <net name="s_INPUT_link_arr[0][58]"/>
        <net name="s_INPUT_link_arr[0][57]"/>
        <net name="s_INPUT_link_arr[0][56]"/>
        <net name="s_INPUT_link_arr[0][55]"/>
        <net name="s_INPUT_link_arr[0][54]"/>
        <net name="s_INPUT_link_arr[0][53]"/>
        <net name="s_INPUT_link_arr[0][52]"/>
        <net name="s_INPUT_link_arr[0][51]"/>
        <net name="s_INPUT_link_arr[0][50]"/>
        <net name="s_INPUT_link_arr[0][49]"/>
        <net name="s_INPUT_link_arr[0][48]"/>
        <net name="s_INPUT_link_arr[0][47]"/>
        <net name="s_INPUT_link_arr[0][46]"/>
        <net name="s_INPUT_link_arr[0][45]"/>
        <net name="s_INPUT_link_arr[0][44]"/>
        <net name="s_INPUT_link_arr[0][43]"/>
        <net name="s_INPUT_link_arr[0][42]"/>
        <net name="s_INPUT_link_arr[0][41]"/>
        <net name="s_INPUT_link_arr[0][40]"/>
        <net name="s_INPUT_link_arr[0][39]"/>
        <net name="s_INPUT_link_arr[0][38]"/>
        <net name="s_INPUT_link_arr[0][37]"/>
        <net name="s_INPUT_link_arr[0][36]"/>
        <net name="s_INPUT_link_arr[0][35]"/>
        <net name="s_INPUT_link_arr[0][34]"/>
        <net name="s_INPUT_link_arr[0][33]"/>
        <net name="s_INPUT_link_arr[0][32]"/>
        <net name="s_INPUT_link_arr[0][31]"/>
        <net name="s_INPUT_link_arr[0][30]"/>
        <net name="s_INPUT_link_arr[0][29]"/>
        <net name="s_INPUT_link_arr[0][28]"/>
        <net name="s_INPUT_link_arr[0][27]"/>
        <net name="s_INPUT_link_arr[0][26]"/>
        <net name="s_INPUT_link_arr[0][25]"/>
        <net name="s_INPUT_link_arr[0][24]"/>
        <net name="s_INPUT_link_arr[0][23]"/>
        <net name="s_INPUT_link_arr[0][22]"/>
        <net name="s_INPUT_link_arr[0][21]"/>
        <net name="s_INPUT_link_arr[0][20]"/>
        <net name="s_INPUT_link_arr[0][19]"/>
        <net name="s_INPUT_link_arr[0][18]"/>
        <net name="s_INPUT_link_arr[0][17]"/>
        <net name="s_INPUT_link_arr[0][16]"/>
        <net name="s_INPUT_link_arr[0][15]"/>
        <net name="s_INPUT_link_arr[0][14]"/>
        <net name="s_INPUT_link_arr[0][13]"/>
        <net name="s_INPUT_link_arr[0][12]"/>
        <net name="s_INPUT_link_arr[0][11]"/>
        <net name="s_INPUT_link_arr[0][10]"/>
        <net name="s_INPUT_link_arr[0][9]"/>
        <net name="s_INPUT_link_arr[0][8]"/>
        <net name="s_INPUT_link_arr[0][7]"/>
        <net name="s_INPUT_link_arr[0][6]"/>
        <net name="s_INPUT_link_arr[0][5]"/>
        <net name="s_INPUT_link_arr[0][4]"/>
        <net name="s_INPUT_link_arr[0][3]"/>
        <net name="s_INPUT_link_arr[0][2]"/>
        <net name="s_INPUT_link_arr[0][1]"/>
        <net name="s_INPUT_link_arr[0][0]"/>
      </nets>
    </probe>
    <probe type="ila" busType="bus" source="netlist" spec="ILA_V2_RT">
      <probeOptions Id="DebugProbeParams">
        <Option Id="CAPTURE_COMPARE_VALUE" value="eq192&apos;hXXXX_XXXX_XXXX_XXXX_XXXX_XXXX_XXXX_XXXX_XXXX_XXXX_XXXX_XXXX"/>
        <Option Id="COMPARE_VALUE.0" value="eq192&apos;hXXXX_XXXX_XXXX_XXXX_XXXX_XXXX_XXXX_XXXX_XXXX_XXXX_XXXX_XXXX"/>
        <Option Id="DISPLAY_HINT" value=""/>
        <Option Id="DISPLAY_VISIBILITY" value=""/>
        <Option Id="HW_ILA" value="hw_ila_4"/>
        <Option Id="MAP" value="probe7[191:0]"/>
        <Option Id="NAME.CUSTOM" value=""/>
        <Option Id="NAME.SELECT" value="Long"/>
        <Option Id="SOURCE" value="netlist"/>
        <Option Id="TRIGGER_COMPARE_VALUE" value="eq192&apos;hXXXX_XXXX_XXXX_XXXX_XXXX_XXXX_XXXX_XXXX_XXXX_XXXX_XXXX_XXXX"/>
      </probeOptions>
      <nets>
        <net name="s_OUTPUT_link_arr[0][191]"/>
        <net name="s_OUTPUT_link_arr[0][190]"/>
        <net name="s_OUTPUT_link_arr[0][189]"/>
        <net name="s_OUTPUT_link_arr[0][188]"/>
        <net name="s_OUTPUT_link_arr[0][187]"/>
        <net name="s_OUTPUT_link_arr[0][186]"/>
        <net name="s_OUTPUT_link_arr[0][185]"/>
        <net name="s_OUTPUT_link_arr[0][184]"/>
        <net name="s_OUTPUT_link_arr[0][183]"/>
        <net name="s_OUTPUT_link_arr[0][182]"/>
        <net name="s_OUTPUT_link_arr[0][181]"/>
        <net name="s_OUTPUT_link_arr[0][180]"/>
        <net name="s_OUTPUT_link_arr[0][179]"/>
        <net name="s_OUTPUT_link_arr[0][178]"/>
        <net name="s_OUTPUT_link_arr[0][177]"/>
        <net name="s_OUTPUT_link_arr[0][176]"/>
        <net name="s_OUTPUT_link_arr[0][175]"/>
        <net name="s_OUTPUT_link_arr[0][174]"/>
        <net name="s_OUTPUT_link_arr[0][173]"/>
        <net name="s_OUTPUT_link_arr[0][172]"/>
        <net name="s_OUTPUT_link_arr[0][171]"/>
        <net name="s_OUTPUT_link_arr[0][170]"/>
        <net name="s_OUTPUT_link_arr[0][169]"/>
        <net name="s_OUTPUT_link_arr[0][168]"/>
        <net name="s_OUTPUT_link_arr[0][167]"/>
        <net name="s_OUTPUT_link_arr[0][166]"/>
        <net name="s_OUTPUT_link_arr[0][165]"/>
        <net name="s_OUTPUT_link_arr[0][164]"/>
        <net name="s_OUTPUT_link_arr[0][163]"/>
        <net name="s_OUTPUT_link_arr[0][162]"/>
        <net name="s_OUTPUT_link_arr[0][161]"/>
        <net name="s_OUTPUT_link_arr[0][160]"/>
        <net name="s_OUTPUT_link_arr[0][159]"/>
        <net name="s_OUTPUT_link_arr[0][158]"/>
        <net name="s_OUTPUT_link_arr[0][157]"/>
        <net name="s_OUTPUT_link_arr[0][156]"/>
        <net name="s_OUTPUT_link_arr[0][155]"/>
        <net name="s_OUTPUT_link_arr[0][154]"/>
        <net name="s_OUTPUT_link_arr[0][153]"/>
        <net name="s_OUTPUT_link_arr[0][152]"/>
        <net name="s_OUTPUT_link_arr[0][151]"/>
        <net name="s_OUTPUT_link_arr[0][150]"/>
        <net name="s_OUTPUT_link_arr[0][149]"/>
        <net name="s_OUTPUT_link_arr[0][148]"/>
        <net name="s_OUTPUT_link_arr[0][147]"/>
        <net name="s_OUTPUT_link_arr[0][146]"/>
        <net name="s_OUTPUT_link_arr[0][145]"/>
        <net name="s_OUTPUT_link_arr[0][144]"/>
        <net name="s_OUTPUT_link_arr[0][143]"/>
        <net name="s_OUTPUT_link_arr[0][142]"/>
        <net name="s_OUTPUT_link_arr[0][141]"/>
        <net name="s_OUTPUT_link_arr[0][140]"/>
        <net name="s_OUTPUT_link_arr[0][139]"/>
        <net name="s_OUTPUT_link_arr[0][138]"/>
        <net name="s_OUTPUT_link_arr[0][137]"/>
        <net name="s_OUTPUT_link_arr[0][136]"/>
        <net name="s_OUTPUT_link_arr[0][135]"/>
        <net name="s_OUTPUT_link_arr[0][134]"/>
        <net name="s_OUTPUT_link_arr[0][133]"/>
        <net name="s_OUTPUT_link_arr[0][132]"/>
        <net name="s_OUTPUT_link_arr[0][131]"/>
        <net name="s_OUTPUT_link_arr[0][130]"/>
        <net name="s_OUTPUT_link_arr[0][129]"/>
        <net name="s_OUTPUT_link_arr[0][128]"/>
        <net name="s_OUTPUT_link_arr[0][127]"/>
        <net name="s_OUTPUT_link_arr[0][126]"/>
        <net name="s_OUTPUT_link_arr[0][125]"/>
        <net name="s_OUTPUT_link_arr[0][124]"/>
        <net name="s_OUTPUT_link_arr[0][123]"/>
        <net name="s_OUTPUT_link_arr[0][122]"/>
        <net name="s_OUTPUT_link_arr[0][121]"/>
        <net name="s_OUTPUT_link_arr[0][120]"/>
        <net name="s_OUTPUT_link_arr[0][119]"/>
        <net name="s_OUTPUT_link_arr[0][118]"/>
        <net name="s_OUTPUT_link_arr[0][117]"/>
        <net name="s_OUTPUT_link_arr[0][116]"/>
        <net name="s_OUTPUT_link_arr[0][115]"/>
        <net name="s_OUTPUT_link_arr[0][114]"/>
        <net name="s_OUTPUT_link_arr[0][113]"/>
        <net name="s_OUTPUT_link_arr[0][112]"/>
        <net name="s_OUTPUT_link_arr[0][111]"/>
        <net name="s_OUTPUT_link_arr[0][110]"/>
        <net name="s_OUTPUT_link_arr[0][109]"/>
        <net name="s_OUTPUT_link_arr[0][108]"/>
        <net name="s_OUTPUT_link_arr[0][107]"/>
        <net name="s_OUTPUT_link_arr[0][106]"/>
        <net name="s_OUTPUT_link_arr[0][105]"/>
        <net name="s_OUTPUT_link_arr[0][104]"/>
        <net name="s_OUTPUT_link_arr[0][103]"/>
        <net name="s_OUTPUT_link_arr[0][102]"/>
        <net name="s_OUTPUT_link_arr[0][101]"/>
        <net name="s_OUTPUT_link_arr[0][100]"/>
        <net name="s_OUTPUT_link_arr[0][99]"/>
        <net name="s_OUTPUT_link_arr[0][98]"/>
        <net name="s_OUTPUT_link_arr[0][97]"/>
        <net name="s_OUTPUT_link_arr[0][96]"/>
        <net name="s_OUTPUT_link_arr[0][95]"/>
        <net name="s_OUTPUT_link_arr[0][94]"/>
        <net name="s_OUTPUT_link_arr[0][93]"/>
        <net name="s_OUTPUT_link_arr[0][92]"/>
        <net name="s_OUTPUT_link_arr[0][91]"/>
        <net name="s_OUTPUT_link_arr[0][90]"/>
        <net name="s_OUTPUT_link_arr[0][89]"/>
        <net name="s_OUTPUT_link_arr[0][88]"/>
        <net name="s_OUTPUT_link_arr[0][87]"/>
        <net name="s_OUTPUT_link_arr[0][86]"/>
        <net name="s_OUTPUT_link_arr[0][85]"/>
        <net name="s_OUTPUT_link_arr[0][84]"/>
        <net name="s_OUTPUT_link_arr[0][83]"/>
        <net name="s_OUTPUT_link_arr[0][82]"/>
        <net name="s_OUTPUT_link_arr[0][81]"/>
        <net name="s_OUTPUT_link_arr[0][80]"/>
        <net name="s_OUTPUT_link_arr[0][79]"/>
        <net name="s_OUTPUT_link_arr[0][78]"/>
        <net name="s_OUTPUT_link_arr[0][77]"/>
        <net name="s_OUTPUT_link_arr[0][76]"/>
        <net name="s_OUTPUT_link_arr[0][75]"/>
        <net name="s_OUTPUT_link_arr[0][74]"/>
        <net name="s_OUTPUT_link_arr[0][73]"/>
        <net name="s_OUTPUT_link_arr[0][72]"/>
        <net name="s_OUTPUT_link_arr[0][71]"/>
        <net name="s_OUTPUT_link_arr[0][70]"/>
        <net name="s_OUTPUT_link_arr[0][69]"/>
        <net name="s_OUTPUT_link_arr[0][68]"/>
        <net name="s_OUTPUT_link_arr[0][67]"/>
        <net name="s_OUTPUT_link_arr[0][66]"/>
        <net name="s_OUTPUT_link_arr[0][65]"/>
        <net name="s_OUTPUT_link_arr[0][64]"/>
        <net name="s_OUTPUT_link_arr[0][63]"/>
        <net name="s_OUTPUT_link_arr[0][62]"/>
        <net name="s_OUTPUT_link_arr[0][61]"/>
        <net name="s_OUTPUT_link_arr[0][60]"/>
        <net name="s_OUTPUT_link_arr[0][59]"/>
        <net name="s_OUTPUT_link_arr[0][58]"/>
        <net name="s_OUTPUT_link_arr[0][57]"/>
        <net name="s_OUTPUT_link_arr[0][56]"/>
        <net name="s_OUTPUT_link_arr[0][55]"/>
        <net name="s_OUTPUT_link_arr[0][54]"/>
        <net name="s_OUTPUT_link_arr[0][53]"/>
        <net name="s_OUTPUT_link_arr[0][52]"/>
        <net name="s_OUTPUT_link_arr[0][51]"/>
        <net name="s_OUTPUT_link_arr[0][50]"/>
        <net name="s_OUTPUT_link_arr[0][49]"/>
        <net name="s_OUTPUT_link_arr[0][48]"/>
        <net name="s_OUTPUT_link_arr[0][47]"/>
        <net name="s_OUTPUT_link_arr[0][46]"/>
        <net name="s_OUTPUT_link_arr[0][45]"/>
        <net name="s_OUTPUT_link_arr[0][44]"/>
        <net name="s_OUTPUT_link_arr[0][43]"/>
        <net name="s_OUTPUT_link_arr[0][42]"/>
        <net name="s_OUTPUT_link_arr[0][41]"/>
        <net name="s_OUTPUT_link_arr[0][40]"/>
        <net name="s_OUTPUT_link_arr[0][39]"/>
        <net name="s_OUTPUT_link_arr[0][38]"/>
        <net name="s_OUTPUT_link_arr[0][37]"/>
        <net name="s_OUTPUT_link_arr[0][36]"/>
        <net name="s_OUTPUT_link_arr[0][35]"/>
        <net name="s_OUTPUT_link_arr[0][34]"/>
        <net name="s_OUTPUT_link_arr[0][33]"/>
        <net name="s_OUTPUT_link_arr[0][32]"/>
        <net name="s_OUTPUT_link_arr[0][31]"/>
        <net name="s_OUTPUT_link_arr[0][30]"/>
        <net name="s_OUTPUT_link_arr[0][29]"/>
        <net name="s_OUTPUT_link_arr[0][28]"/>
        <net name="s_OUTPUT_link_arr[0][27]"/>
        <net name="s_OUTPUT_link_arr[0][26]"/>
        <net name="s_OUTPUT_link_arr[0][25]"/>
        <net name="s_OUTPUT_link_arr[0][24]"/>
        <net name="s_OUTPUT_link_arr[0][23]"/>
        <net name="s_OUTPUT_link_arr[0][22]"/>
        <net name="s_OUTPUT_link_arr[0][21]"/>
        <net name="s_OUTPUT_link_arr[0][20]"/>
        <net name="s_OUTPUT_link_arr[0][19]"/>
        <net name="s_OUTPUT_link_arr[0][18]"/>
        <net name="s_OUTPUT_link_arr[0][17]"/>
        <net name="s_OUTPUT_link_arr[0][16]"/>
        <net name="s_OUTPUT_link_arr[0][15]"/>
        <net name="s_OUTPUT_link_arr[0][14]"/>
        <net name="s_OUTPUT_link_arr[0][13]"/>
        <net name="s_OUTPUT_link_arr[0][12]"/>
        <net name="s_OUTPUT_link_arr[0][11]"/>
        <net name="s_OUTPUT_link_arr[0][10]"/>
        <net name="s_OUTPUT_link_arr[0][9]"/>
        <net name="s_OUTPUT_link_arr[0][8]"/>
        <net name="s_OUTPUT_link_arr[0][7]"/>
        <net name="s_OUTPUT_link_arr[0][6]"/>
        <net name="s_OUTPUT_link_arr[0][5]"/>
        <net name="s_OUTPUT_link_arr[0][4]"/>
        <net name="s_OUTPUT_link_arr[0][3]"/>
        <net name="s_OUTPUT_link_arr[0][2]"/>
        <net name="s_OUTPUT_link_arr[0][1]"/>
        <net name="s_OUTPUT_link_arr[0][0]"/>
      </nets>
    </probe>
  </probeset>
</hwsession>
